<!DOCTYPE hibernate-configuration PUBLIC
      "-//Hibernate/Hibernate Configuration DTD 3.0//EN"
      "http://hibernate.sourceforge.net/hibernate-configuration-3.0.dtd" >
 
<hibernate-configuration>
    <session-factory>
        <!-- Database connection settings -->
        <property name="connection.driver_class">com.mysql.jdbc.Driver</property>
        <property name="connection.url">jdbc:mysql://localhost:3306/tutorial</property>
        <property name="connection.username">root</property>
        <property name="connection.password">admin</property>
         
        <!-- JDBC connection pool (use the built-in) -->
        <property name="connection.pool_size">1</property>
         
        <!-- SQL dialect -->
        <property name="dialect">org.hibernate.dialect.MySQLDialect</property>
 
        <!-- Disable the second-level cache  -->
        <property name="cache.provider_class">org.hibernate.cache.NoCacheProvider</property>
         
        <!-- Echo all executed SQL to stdout -->
        <property name="show_sql">true</property>
         
        <property name="hbm2ddl.auto">create</property>
  		
<!--         <mapping class="domain.Employee" /> -->
        
	</session-factory>
</hibernate-configuration>