<?xml version="1.0" encoding="utf-8" ?> 
<!DOCTYPE hibernate-mapping PUBLIC
    "-//Hibernate/Hibernate Mapping DTD 3.0//EN"
	"http://www.hibernate.org/dtd/hibernate-mapping-3.0.dtd">

<hibernate-mapping>
	<class name="model.Department" table="DEPARTMENTS">

		<id name="deptId" column="DEPTID">
			<generator class="identity" />
		</id>

		<property name="name" column="DEPTNAME" />

		<set name="professors" table="DEPARTMENTSPROFESSORS">
			<key column="DEPTID" />
			<many-to-many class="model.Professor" column="PROFESSORID" />
		</set>
		
		<set name="courses" table="COURSES">
			<key column="DEPTID" />
			<one-to-many class="model.Course" />
		</set>		
		
	</class>
</hibernate-mapping>
