<?xml version="1.0" encoding="utf-8" ?> 
<!DOCTYPE hibernate-mapping PUBLIC
    "-//Hibernate/Hibernate Mapping DTD 3.0//EN"
	"http://www.hibernate.org/dtd/hibernate-mapping-3.0.dtd">

<hibernate-mapping>
	<joined-subclass name="model.Student" table="STUDENTS" extends="model.Person">
		
		<key column="STUDENTID" />
		
		<property name="facultyNumber" column="FACULTYNUMBER" />
		
		<set name="courses" table="COURSESSTUDENTS">
			<key column="STUDENTID" />
			<many-to-many class="model.Course" column="COURSEID" />
		</set>
		
	</joined-subclass>
</hibernate-mapping>
