<?xml version="1.0"?>
<!DOCTYPE hibernate-mapping PUBLIC
    "-//Hibernate/Hibernate Mapping DTD 3.0//EN"
    "http://www.hibernate.org/dtd/hibernate-mapping-3.0.dtd">

<hibernate-mapping package="domain">

	<class name="Employee" table="EMPLOYEE">
		<id name="id" column="ID">
			<generator class="native">
			</generator>
		</id>
		<property name="firstname" />
		<property name="lastname" column="lastname" />
		<property name="birthDate" type="date" column="birth_date" />
		<property name="cellphone" column="cell_phone" />
	</class>

</hibernate-mapping>